{"UUID":"cD8fiOHw3dWtt6zOvKX0KA","layoutMainAxisSizing":null,"layoutCrossAxisSizing":null,"name":"Hello World! (Parabeac) (Copy)","isVisible":true,"boundaryRectangle":null,"style":null,"prototypeNodeUUID":null,"child":null,"constraints":null,"debug":false,"pngPath":"/usr/src/app/temp-out/pb-tmp-95fb3309-90a0-4dc6-bd80-c3f4dcdb3e9e/project2/lib/assets/images","pages":[{"UUID":"0:1","layoutMainAxisSizing":null,"layoutCrossAxisSizing":null,"name":"Page 1","isVisible":true,"boundaryRectangle":null,"style":null,"prototypeNodeUUID":null,"child":null,"constraints":null,"convert":true,"screens":[{"UUID":"505:5","layoutMainAxisSizing":null,"layoutCrossAxisSizing":null,"name":"o open the Figma file you copied earlier. Change the positioning of the button, its size, color, location, or whatever you'd like! The point here is to see how easy it is to implement design changes.","boundaryRectangle":null,"style":null,"prototypeNodeUUID":null,"child":null,"constraints":null,"convert":true,"imageURI":null,"pbdlType":"screen","designNode":{"UUID":"505:5","layoutMainAxisSizing":"INHERIT","layoutCrossAxisSizing":"INHERIT","name":"o open the Figma file you copied earlier. Change the positioning of the button, its size, color, location, or whatever you'd like! The point here is to see how easy it is to implement design changes.","isVisible":true,"boundaryRectangle":{"constrainProportions":false,"constraints":null,"height":22.0,"width":1500.0,"x":-219.03128051757812,"y":1596.6552734375,"z":1.0,"type":"boundaryBox"},"style":{"UUID":"","layoutMainAxisSizing":null,"layoutCrossAxisSizing":null,"name":"","isVisible":true,"boundaryRectangle":null,"style":null,"prototypeNodeUUID":"","child":null,"constraints":null,"fills":[{"gradientStops":null,"gradientHandlePositions":[],"imageRef":null,"color":{"a":1.0,"r":0.0,"g":0.0,"b":0.0},"opacity":100,"blendMode":"NORMAL","type":"SOLID","isEnabled":true}],"borderOptions":{"borders":[],"strokeWeight":1.0,"strokeAlign":"OUTSIDE","strokeJoin":null,"strokeDashes":null,"cornerRadius":null},"effects":[],"textStyle":{"UUID":"","layoutMainAxisSizing":null,"layoutCrossAxisSizing":null,"name":"","isVisible":false,"boundaryRectangle":null,"style":null,"prototypeNodeUUID":"","child":null,"constraints":null,"fontFamily":"Inter","fontPostScriptName":"Inter-Bold","paragraphSpacing":12.0,"paragraphIndent":0,"listSpacing":0,"italics":null,"fontWeight":700,"fontSize":16.0,"textCase":"ORIGINAL","textDecoration":"NONE","textAutoResize":"WIDTH_AND_HEIGHT","textAlignHorizontal":"LEFT","textAlignVertical":"CENTER","letterSpacing":0.0,"fills":null,"hyperLink":null,"opentypeFlags":{},"lineHeightPx":21.600000381469727,"lineHeightPercent":115.19999694824219,"lineHeightPercentFontSize":135.0,"lineHeightUnit":"FONT_SIZE_%","pbdlType":"text_style"},"clipsContent":null,"pbdlType":"style"},"prototypeNodeUUID":null,"child":null,"constraints":{"pinLeft":true,"pinRight":false,"pinTop":true,"pinBottom":false,"fixedHeight":true,"fixedWidth":true},"pbdlType":"text","content":"o open the Figma file you copied earlier. Change the positioning of the button, its size, color, location, or whatever you'd like! The point here is to see how easy it is to implement design changes."},"isVisible":true},{"UUID":"61:2","layoutMainAxisSizing":null,"layoutCrossAxisSizing":null,"name":"HelloWorldScreen","boundaryRectangle":null,"style":null,"prototypeNodeUUID":null,"child":null,"constraints":null,"convert":true,"imageURI":null,"pbdlType":"screen","designNode":{"UUID":"61:2","layoutMainAxisSizing":"INHERIT","layoutCrossAxisSizing":"INHERIT","name":"HelloWorldScreen","isVisible":true,"style":{"UUID":"","layoutMainAxisSizing":null,"layoutCrossAxisSizing":null,"name":"","isVisible":true,"boundaryRectangle":null,"style":null,"prototypeNodeUUID":"","child":null,"constraints":null,"fills":[{"gradientStops":null,"gradientHandlePositions":[],"imageRef":null,"color":{"a":1.0,"r":1.0,"g":1.0,"b":1.0},"opacity":100,"blendMode":"NORMAL","type":"SOLID","isEnabled":true}],"borderOptions":{"borders":[],"strokeWeight":1.0,"strokeAlign":"INSIDE","strokeJoin":null,"strokeDashes":null,"cornerRadius":null},"effects":[],"textStyle":null,"clipsContent":true,"pbdlType":"style"},"prototypeNodeUUID":null,"child":null,"constraints":null,"backgroundColor":{"a":1.0,"r":1.0,"g":1.0,"b":1.0},"boundaryRectangle":{"constrainProportions":false,"constraints":null,"height":568.0,"width":320.0,"x":578.0,"y":-270.0,"z":0.0,"type":"boundaryBox"},"isFlowHome":false,"pbdlType":"artboard","children":[{"UUID":"61:3","layoutMainAxisSizing":"INHERIT","layoutCrossAxisSizing":"INHERIT","name":"Hello World Button <custom>","isVisible":true,"boundaryRectangle":{"constrainProportions":false,"constraints":null,"height":49.0,"width":137.0,"x":738.0,"y":-216.0,"z":0.0,"type":"boundaryBox"},"style":{"UUID":"","layoutMainAxisSizing":null,"layoutCrossAxisSizing":null,"name":"","isVisible":true,"boundaryRectangle":null,"style":null,"prototypeNodeUUID":"","child":null,"constraints":null,"fills":[],"borderOptions":{"borders":[],"strokeWeight":1.0,"strokeAlign":"INSIDE","strokeJoin":null,"strokeDashes":null,"cornerRadius":30.0},"effects":[],"textStyle":null,"clipsContent":false,"pbdlType":"style"},"prototypeNodeUUID":null,"constraints":{"pinLeft":false,"pinRight":false,"pinTop":false,"pinBottom":false,"fixedHeight":true,"fixedWidth":true},"children":[{"UUID":"61:4","layoutMainAxisSizing":"INHERIT","layoutCrossAxisSizing":"INHERIT","name":"Background color","isVisible":true,"boundaryRectangle":{"constrainProportions":false,"constraints":null,"height":49.0,"width":137.0,"x":738.0,"y":-216.0,"z":0.0,"type":"boundaryBox"},"style":{"UUID":"","layoutMainAxisSizing":null,"layoutCrossAxisSizing":null,"name":"","isVisible":true,"boundaryRectangle":null,"style":null,"prototypeNodeUUID":"","child":null,"constraints":null,"fills":[{"gradientStops":null,"gradientHandlePositions":[],"imageRef":null,"color":{"a":1.0,"r":1.0,"g":0.0,"b":0.0},"opacity":100,"blendMode":"NORMAL","type":"SOLID","isEnabled":true}],"borderOptions":{"borders":[],"strokeWeight":1.0,"strokeAlign":"INSIDE","strokeJoin":null,"strokeDashes":null,"cornerRadius":30.0},"effects":[],"textStyle":null,"clipsContent":null,"pbdlType":"style"},"prototypeNodeUUID":null,"constraints":{"pinLeft":true,"pinRight":false,"pinTop":true,"pinBottom":false,"fixedHeight":true,"fixedWidth":true},"fixedRadius":30.0,"pbdlType":"rectangle","child":null},{"UUID":"61:5","layoutMainAxisSizing":"INHERIT","layoutCrossAxisSizing":"INHERIT","name":"Hello Lily!","isVisible":true,"boundaryRectangle":{"constrainProportions":false,"constraints":null,"height":22.0,"width":77.0,"x":759.0,"y":-202.0,"z":1.0,"type":"boundaryBox"},"style":{"UUID":"","layoutMainAxisSizing":null,"layoutCrossAxisSizing":null,"name":"","isVisible":true,"boundaryRectangle":null,"style":null,"prototypeNodeUUID":"","child":null,"constraints":null,"fills":[{"gradientStops":null,"gradientHandlePositions":[],"imageRef":null,"color":{"a":1.0,"r":1.0,"g":1.0,"b":1.0},"opacity":100,"blendMode":"NORMAL","type":"SOLID","isEnabled":true}],"borderOptions":{"borders":[],"strokeWeight":1.0,"strokeAlign":"OUTSIDE","strokeJoin":null,"strokeDashes":null,"cornerRadius":null},"effects":[],"textStyle":{"UUID":"","layoutMainAxisSizing":null,"layoutCrossAxisSizing":null,"name":"","isVisible":false,"boundaryRectangle":null,"style":null,"prototypeNodeUUID":"","child":null,"constraints":null,"fontFamily":"Inter","fontPostScriptName":"Inter-Bold","paragraphSpacing":12.0,"paragraphIndent":0,"listSpacing":0,"italics":null,"fontWeight":700,"fontSize":16.0,"textCase":"ORIGINAL","textDecoration":"NONE","textAutoResize":"WIDTH_AND_HEIGHT","textAlignHorizontal":"LEFT","textAlignVertical":"CENTER","letterSpacing":0.0,"fills":null,"hyperLink":null,"opentypeFlags":{},"lineHeightPx":21.600000381469727,"lineHeightPercent":115.19999694824219,"lineHeightPercentFontSize":135.0,"lineHeightUnit":"FONT_SIZE_%","pbdlType":"text_style"},"clipsContent":null,"pbdlType":"style"},"prototypeNodeUUID":null,"child":null,"constraints":{"pinLeft":true,"pinRight":false,"pinTop":true,"pinBottom":false,"fixedHeight":true,"fixedWidth":true},"pbdlType":"text","content":"Hello Lily!"}],"pbdlType":"frame","fixedRadius":null,"background":null,"autoLayoutOptions":null}]},"isVisible":true}],"pbdlType":"page"}],"miscPages":[],"sharedStyles":[],"globalStyles":{"UUID":"","layoutMainAxisSizing":null,"layoutCrossAxisSizing":null,"name":"","isVisible":false,"boundaryRectangle":null,"style":null,"prototypeNodeUUID":null,"child":null,"constraints":null,"pbdlType":"global_styles","colors":[{"UUID":"2:17","layoutMainAxisSizing":null,"layoutCrossAxisSizing":null,"name":"White","isVisible":false,"boundaryRectangle":null,"style":null,"prototypeNodeUUID":null,"child":null,"constraints":null,"description":"","pbdlType":"global_color","color":{"a":1.0,"r":1.0,"g":1.0,"b":1.0}}],"textStyles":[{"UUID":"2:18","layoutMainAxisSizing":null,"layoutCrossAxisSizing":null,"name":"Label","isVisible":false,"boundaryRectangle":null,"style":null,"prototypeNodeUUID":null,"child":null,"constraints":null,"description":"","pbdlType":"global_text_style","textStyle":{"UUID":"","layoutMainAxisSizing":null,"layoutCrossAxisSizing":null,"name":"","isVisible":false,"boundaryRectangle":null,"style":null,"prototypeNodeUUID":"","child":null,"constraints":null,"fontFamily":"Inter","fontPostScriptName":"Inter-Bold","paragraphSpacing":12.0,"paragraphIndent":0,"listSpacing":0,"italics":null,"fontWeight":700,"fontSize":16.0,"textCase":"ORIGINAL","textDecoration":"NONE","textAutoResize":"WIDTH_AND_HEIGHT","textAlignHorizontal":"LEFT","textAlignVertical":"TOP","letterSpacing":0.0,"fills":null,"hyperLink":null,"opentypeFlags":{},"lineHeightPx":21.600000381469727,"lineHeightPercent":115.19999694824219,"lineHeightPercentFontSize":135.0,"lineHeightUnit":"FONT_SIZE_%","pbdlType":"text_style"}}]},"pbdlType":"project"}